Fecha y Hora,Empresa,Usuario,Chatbot,Feedback
2025-02-11 00:32:07,Viajes Felices,que servicios tienes ," Los servicios que ofrece Viajes Felices incluyen:

- ReservaciÃ³n de vuelos y hoteles
- Tours guiados
- Alquiler de autos
- AsesorÃ­a para visas y documentaciÃ³n",ğŸ‘ SÃ­
2025-02-11 01:00:31,Viajes Felices,hola quien eres, Â¡Hola! Soy un Asistente de Servicio al Cliente experto para Viajes Felices. Estoy aquÃ­ para ayudarte con cualquier pregunta o problema que tengas sobre nuestros servicios y paquetes de viaje. Â¿En quÃ© puedo asistirte hoy?,ğŸ‘ SÃ­
2025-02-11 01:05:18,Viajes Felices,perfecto como puedo obtener mas informacion para elegirlos," Â¡Hola! Â¿En quÃ© te podemos ayudar hoy? Si estÃ¡s buscando mÃ¡s informaciÃ³n sobre nuestros paquetes de viaje, estoy aquÃ­ para ayudarte. Podemos ofrecerte detalles sobre destinos populares, opciones de alojamiento y actividades que puedes disfrutar en cada destino. AdemÃ¡s, si tienes un grupo de 5 o mÃ¡s personas, Â¡tenemos promociones especiales! Â¿Te gustarÃ­a saber algo especÃ­fico?",ğŸ‘ No
2025-02-11 01:05:21,Viajes Felices,como puedo comprar los paquetes ?," Â¡Hola! 

Para comenzar su compra de paquetes de viaje con Viajes Felices, los clientes pueden seguir estos sencillos pasos:

1. **Explorar Destinos**: Primero, navega a travÃ©s del sitio web de Viajes Felices o abre la aplicaciÃ³n mÃ³vil. AllÃ­ podrÃ¡s ver una amplia gama de destinos y paquetes disponibles para elegir.

2. **Seleccionar Paquete**: Elija el paquete que mejor se adapte a sus necesidades, ya sea un viaje al extranjero o dentro del paÃ­s. Puedes filtrar los resultados por destino, duraciÃ³n del viaje, tipo de hospedaje y actividades incluidas.

3. **Detalles del Paquete**: Una vez seleccionado el paquete que te interesa, revisa todos los detalles como: fechas de salida, incluye vuelo, alojamiento, tours y cualquier otro servicio adicional.

4. **Reservar**: Si todo estÃ¡ en orden, procede a reservar el paquete. Esto generalmente implica hacer un pago inicial para asegurar tu lugar. Los detalles del pago se mostrarÃ¡n en la pantalla de confirmaciÃ³n.

5. **ConfirmaciÃ³n y ConfirmaciÃ³n de Pago**: Una vez pagado, recibirÃ¡s una confirmaciÃ³n por correo electrÃ³nico que incluye todos los datos importantes para el viaje, como nÃºmero de vuelo, detalles del hotel, etc.

6. **Preparativos Previos al Viaje**: Â¡Estamos emocionados de que estÃ©s planeando tu siguiente aventura! AsegÃºrate de revisar todas las especificaciones en tu correo electrÃ³nico y mantente atento a cualquier actualizaciÃ³n importante antes de la fecha de salida.

Si tienes alguna otra pregunta o necesitas ayuda adicional, no dudes en contactarnos. Â¡Gracias por elegir Viajes Felices para tu prÃ³ximo viaje!",ğŸ‘ SÃ­
2025-02-11 01:05:24,Viajes Felices,como puedo comprar los paquetes ?," Â¡Hola! 

Para comenzar su compra de paquetes de viaje con Viajes Felices, los clientes pueden seguir estos sencillos pasos:

1. **Explorar Destinos**: Primero, navega a travÃ©s del sitio web de Viajes Felices o abre la aplicaciÃ³n mÃ³vil. AllÃ­ podrÃ¡s ver una amplia gama de destinos y paquetes disponibles para elegir.

2. **Seleccionar Paquete**: Elija el paquete que mejor se adapte a sus necesidades, ya sea un viaje al extranjero o dentro del paÃ­s. Puedes filtrar los resultados por destino, duraciÃ³n del viaje, tipo de hospedaje y actividades incluidas.

3. **Detalles del Paquete**: Una vez seleccionado el paquete que te interesa, revisa todos los detalles como: fechas de salida, incluye vuelo, alojamiento, tours y cualquier otro servicio adicional.

4. **Reservar**: Si todo estÃ¡ en orden, procede a reservar el paquete. Esto generalmente implica hacer un pago inicial para asegurar tu lugar. Los detalles del pago se mostrarÃ¡n en la pantalla de confirmaciÃ³n.

5. **ConfirmaciÃ³n y ConfirmaciÃ³n de Pago**: Una vez pagado, recibirÃ¡s una confirmaciÃ³n por correo electrÃ³nico que incluye todos los datos importantes para el viaje, como nÃºmero de vuelo, detalles del hotel, etc.

6. **Preparativos Previos al Viaje**: Â¡Estamos emocionados de que estÃ©s planeando tu siguiente aventura! AsegÃºrate de revisar todas las especificaciones en tu correo electrÃ³nico y mantente atento a cualquier actualizaciÃ³n importante antes de la fecha de salida.

Si tienes alguna otra pregunta o necesitas ayuda adicional, no dudes en contactarnos. Â¡Gracias por elegir Viajes Felices para tu prÃ³ximo viaje!",ğŸ‘ SÃ­
2025-02-11 01:10:37,Viajes Felices,perfecto y si quiero comprar un paquete que tengo que hacer," Â¡Hola! Â¿En quÃ© puedo ayudarte hoy? Si estÃ¡s interesado en adquirir un paquete de viaje con Viajes Felices, aquÃ­ te dejo una guÃ­a general sobre cÃ³mo proceder:

1. **Explora nuestros paquetes disponibles**: Puedes revisar nuestra selecciÃ³n de paquetes de viaje que ofrecemos para destinos nacionales e internacionales. Â¡Estamos seguros de que encontrarÃ¡s uno que se adapte a tus preferencias!

2. **Selecciona tu destino y paquete**: Una vez hayas elegido el destino que te interesa, selecciona el paquete que mÃ¡s se ajuste a tus necesidades y presupuesto. No dudes en consultar con nuestro equipo si tienes alguna pregunta especÃ­fica sobre los destinos o servicios incluidos.

3. **Contacta para reservar**: Una vez tengas claro quÃ© paquete deseas, por favor contÃ¡ctanos mediante el nÃºmero de telÃ©fono +57 312 345 6789 o escribiendo a nuestro correo electrÃ³nico contacto@viajesfelices.com. Nuestro equipo estarÃ¡ encantado de ayudarte en el proceso de reservaciÃ³n y asegurar que todo estÃ© listo para tu viaje.

Â¡Esperamos verte pronto en uno de nuestros paquetes de viaje! Â¡Disfruta de la planificaciÃ³n de un viaje perfecto con Viajes Felices.",ğŸ‘ SÃ­
2025-02-11 01:10:55,Viajes Felices,perfecto muchas gracias," Â¡De nada! Si tienes alguna otra duda o necesitas ayuda con algo mÃ¡s, no dudes en preguntar. Â¿Estamos bien para tu viaje?",ğŸ‘ SÃ­
2025-02-11 01:15:43,Salud y Vida,perefecto y como puedo obtener sus servicios," Â¡Perfecto! Para obtener nuestros servicios, puedes seguir estos sencillos pasos:

1. **Visita Nuestra PÃ¡gina Web**: Puedes explorar nuestra pÃ¡gina web para ver una amplia gama de productos y servicios que ofrecemos. AllÃ­ encontrarÃ¡s detalles sobre los suplementos naturales, planes de alimentaciÃ³n personalizada, terapias de relajaciÃ³n y asesorÃ­a en hÃ¡bitos saludables.

2. **Llamada a nuestro NÃºmero de Contacto**: Si tienes alguna pregunta especÃ­fica o necesitas agendar una consulta nutricional, puedes llamar directamente a nuestro nÃºmero de atenciÃ³n telefÃ³nica: +57 320 456 7890. Nuestro personal estarÃ¡ encantado de ayudarte y responder cualquier duda que puedas tener.

3. **Correo ElectrÃ³nico**: Si prefieres comunicarte por correo electrÃ³nico, nuestro equipo puede atenderte eficientemente. Puedes enviar un mensaje a info@healthylife.com con tu consulta o solicitud especÃ­fica.

4. **Visita Nuestra Oficina**: Si estÃ¡s en la ciudad de Cali, puedes visitar nuestra oficina ubicada en Carrera 50 #15-20. EstarÃ¡s recibiendo atenciÃ³n personalizada y podrÃ¡s interactuar directamente con nuestros representantes para discutir tus necesidades especÃ­ficas.

Esperamos que esto te sea Ãºtil y nos vemos pronto en Salud y Vida. Â¡Gracias por considerar nuestros servicios!",ğŸ‘ SÃ­
2025-02-11 01:23:07,Viajes Felices,prefecto puedes decirme que servicios ofreces," Â¡Claro! Viajes Felices ofrece una amplia gama de servicios para satisfacer las necesidades de nuestros clientes. AquÃ­ tienes una lista detallada de los servicios que podemos brindar:

1. **ReservaciÃ³n de vuelos y hoteles**: Podemos ayudarte a encontrar y reservar tus vuelos tanto nacionales como internacionales, asÃ­ como tambiÃ©n hoteles en los destinos que elijas.

2. **Tours guiados**: Ofrecemos tours guiados para explorar las ciudades y lugares de tu interÃ©s. Ya sea un tour histÃ³rico por la ciudad o una excursiÃ³n a sitios naturales, estamos aquÃ­ para ayudarte a planificar tu experiencia.

3. **Alquiler de autos**: Si prefieres explorar en tu propio ritmo, podemos facilitarte el alquiler de un auto para que puedas desplazarte con facilidad entre los lugares que deseas visitar.

4. **AsesorÃ­a para visas y documentaciÃ³n**: Nuestro equipo estÃ¡ capacitado para guiarte en la obtenciÃ³n de visas y demÃ¡s documentos necesarios para viajar a varios paÃ­ses, asegurando asÃ­ una experiencia sin complicaciones.

Â¿Necesitas mÃ¡s informaciÃ³n sobre algÃºn servicio especÃ­fico? Â¡No dudes en preguntar!",ğŸ‘ SÃ­
2025-02-11 01:26:21,Viajes Felices,perfecto que servicios tienes," Â¡Hola! Espero que estÃ©s teniendo una excelente experiencia con Viajes Felices. AquÃ­ te detallo los servicios que ofrecemos para ayudarte en tus planes de viaje:

1. **ReservaciÃ³n de Vuelos y Hoteles**: Podemos ayudarte a encontrar el vuelo y hotel perfecto para tu estancia, asegurÃ¡ndote de que cumpla con tus expectativas.

2. **Tours Guiados**: Descubre los destinos mÃ¡s populares del mundo con nuestros tours guiados. Ya sea en Colombia o en otros paÃ­ses, te brindamos una experiencia inolvidable.

3. **Alquiler de Autos**: Si prefieres desplazarte por tu destino de manera independiente, ofrecemos una amplia gama de autos para que puedas explorar al mÃ¡ximo cada lugar.

4. **AsesorÃ­a para Visas y DocumentaciÃ³n**: No te preocupes por la tramitaciÃ³n de tus documentos; nuestro equipo estÃ¡ capacitado para guiarte en todo el proceso.

Si tienes alguna pregunta especÃ­fica o necesitas ayuda con algo en particular, no dudes en contactarnos. Â¡Estamos aquÃ­ para hacer de tu viaje una experiencia inolvidable!",ğŸ‘ SÃ­
2025-02-11 01:36:57,Viajes Felices,bien quiero saber sobre el tema de las reservas," Â¡Hola! Claro, puedo ayudarte con informaciÃ³n sobre reservaciones en Viajes Felices. Â¿EstÃ¡s buscando informaciÃ³n especÃ­fica sobre cÃ³mo hacer una reserva para un viaje? Por ejemplo, Â¿necesitas ayuda para reservar un vuelo o un paquete de viaje?",ğŸ‘ SÃ­
2025-02-11 01:41:43,Viajes Felices,bien y que horarios tienen," Â¡Hola! AquÃ­ tienes la informaciÃ³n sobre los horarios de trabajo de Viajes Felices:

- Lunes a Viernes: 9:00 AM - 6:00 PM
- SÃ¡bado: 10:00 AM - 2:00 PM
- Domingo: Cerrado

Si tienes alguna otra pregunta o necesitas ayuda con algo mÃ¡s, no dudes en decÃ­rmelo. Â¡Gracias por escribir!",ğŸ‘ SÃ­
2025-02-11 01:57:49,Telecom,bien donde puedo pagar en efectivo,"  Puedes realizar pagos en efectivo en cualquiera de nuestras sucursales. Nuestras sucursales estÃ¡n ubicadas en diferentes puntos estratÃ©gicos de la ciudad para tu comodidad. Si prefieres, tambiÃ©n puedes hacer tus pagos a travÃ©s de nuestra plataforma online o mediante nuestro servicio de pago telefÃ³nico, donde podrÃ¡s pagar desde cualquier lugar y en el momento que tÃº elijas. Para mÃ¡s informaciÃ³n sobre los medios de pago disponibles, te recomiendo visitar nuestra pÃ¡gina web o contactar con nuestro equipo de atenciÃ³n al cliente para obtener detalles especÃ­ficos.

Â¿En quÃ© otro servicio puedo ayudarte?",ğŸ‘ SÃ­
2025-02-11 02:27:06,Viajes Felices,hola puedes ayudarme," Â¡Hola! Claro, Â¿en quÃ© puedo ayudarte? Â¿Necesitas informaciÃ³n sobre destinos populares, descuentos para grupos o algo mÃ¡s especÃ­fico sobre nuestros servicios?",ğŸ‘ SÃ­
2025-02-11 02:32:03,Salud y Vida,que servicios tienen," Â¡Hola! AquÃ­ tienes una lista de los servicios que ofrece Salud y Vida:

- **Venta de suplementos naturales**
- **Planes de alimentaciÃ³n personalizada**
- **Terapias de relajaciÃ³n y bienestar**
- **AsesorÃ­a en hÃ¡bitos saludables**

Estos son solo algunos de los servicios que ofrece la empresa para ayudarte a mantener una vida mÃ¡s saludable. Â¡Esperamos haberte ayudado!",ğŸ‘ SÃ­
2025-02-11 02:43:35,Viajes Felices,hola, Â¡Hola! Â¿En quÃ© puedo ayudarte hoy? Â¿Tienes alguna pregunta especÃ­fica sobre Viajes Felices o necesitas asistencia para planificar tu prÃ³ximo viaje?,ğŸ‘ SÃ­
2025-02-11 02:44:00,Soluciones Tecnologicas,hola," Â¡Hola! Â¿En quÃ© puedo ayudarte hoy? Si tienes alguna pregunta sobre los servicios de Soluciones Tecnologicas, por favor dÃ­melo y estarÃ© encantada de proporcionarte la informaciÃ³n que necesites.",ğŸ‘ SÃ­
2025-02-11 02:55:11,Ecomoda,que servicios tienes," Â¡Claro! AquÃ­ estÃ¡ la lista de los servicios que ofrece ""Ecomoda"":

- **Venta de ropa**
- **ImportaciÃ³n de telas finas**
- **Modelaje y pasarela**
- **Venta de tela fina**

Si tienes alguna otra pregunta o necesitas mÃ¡s detalles sobre estos servicios, no dudes en preguntar. Â¡Estamos aquÃ­ para ayudarte!",ğŸ‘ SÃ­
2025-02-11 02:55:15,Ecomoda,hablame de modelaje y pasarela que ofrece ecomoda," Â¡Claro! Ecomoda es una empresa lÃ­der en la industria textil colombiana, comprometida con la innovaciÃ³n y la excelencia en el diseÃ±o de ropa para mujeres y hombres. 

**Modelaje y Pasarela**:
Ecomoda se enorgullece de su departamento de modelaje y pasarela, donde talentosos diseÃ±adores trabajan juntos para crear prendas que reflejan la vanguardia de la moda. Sus diseÃ±adores estÃ¡n constantemente inspirados por las Ãºltimas tendencias globales y locales, lo que les permite ofrecer a sus clientes productos Ãºnicos y de alta calidad.

- **DiseÃ±os Innovadores**: Ecomoda se destaca por su capacidad para combinar estilo con comodidad, creando prendas que no solo son elegantes sino tambiÃ©n cÃ³modas para llevar todo el dÃ­a.
  
- **Materiales de Calidad**: Utilizan las mejores telas en sus diseÃ±os, asegurando durabilidad y calidez. Sus telas finas importadas provienen de fabricantes respetuosos con el medio ambiente y comprometidos con la calidad.

- **Eventos Especiales**: Ecomoda participa regularmente en ferias de moda donde presentan sus Ãºltimas colecciones. Esto no solo es una oportunidad para mostrar su trabajo, sino tambiÃ©n para descubrir talento joven y potencialåˆä½œä¼™ä¼´.

Si estÃ¡s interesado en conocer mÃ¡s sobre cÃ³mo Ecomoda puede ofrecerte ropa de alta calidad y estilo, Â¡no dudes en contactarnos! Estamos aquÃ­ para ayudarte a encontrar el look perfecto que se adapte a tus necesidades.",ğŸ‘ SÃ­
